{"floors":[{"floor":1,"rooms":[{"room":"livingroom","persons":[{"id":22,"name":"Nicole","type":"GrandMother"}],"pets":[],"windows":[{"windowState":{"state":"close"},"id":20}],"lights":[{"room":"livingroom","state":{"state":"turnOn"},"id":21,"type":"Light","documentation":{"type":"Light"},"functionality":90,"electricity":30,"gas":0,"water":0,"totalTime":0,"start":36}],"devices":[{"state":{"state":"turnOff"},"id":0,"type":"MusicCenter","documentation":{"text":"Electricity must be turned off before repair.","type":"MusicCenter"},"functionality":100,"electricity":50,"gas":0,"water":0,"totalTime":0,"start":0},{"state":{"state":"turnOff"},"id":1,"type":"TV","documentation":{"text":"Electricity must be turned off before repair. It is better to contact a specialist.","type":"TV"},"functionality":100,"electricity":100,"gas":0,"water":0,"totalTime":0,"start":0},{"state":{"state":"turnOff"},"id":2,"type":"Toy","documentation":{"text":"Use a thread and needle to sew up the toy.","type":"Toy"},"functionality":100,"electricity":0,"gas":0,"water":0,"totalTime":0,"start":0}],"vehicles":[],"sensors":[]},{"room":"kitchen","persons":[{"id":25,"name":"Lily","type":"Mother"}],"pets":[],"windows":[{"windowState":{"state":"close"},"id":23}],"lights":[{"room":"kitchen","state":{"state":"turnOn"},"id":24,"type":"Light","documentation":{"type":"Light"},"functionality":90,"electricity":30,"gas":0,"water":0,"totalTime":0,"start":28}],"devices":[{"state":{"state":"turnOff"},"id":3,"type":"CoffeeMachine","documentation":{"text":"Water and electricity must be turned off before repair.","type":"CoffeeMachine"},"functionality":100,"electricity":30,"gas":0,"water":10,"totalTime":0,"start":0},{"state":{"state":"turnOff"},"id":4,"type":"Cooker","documentation":{"text":"Gas must be turned off before repair. It is better to contact a specialist.","type":"Cooker"},"functionality":100,"electricity":0,"gas":100,"water":0,"totalTime":0,"start":0},{"state":{"state":"turnOff"},"id":5,"type":"Dishwasher","documentation":{"text":"Water and electricity must be turned off before repair.","type":"Dishwasher"},"functionality":100,"electricity":60,"gas":0,"water":60,"totalTime":0,"start":0},{"capacity":5,"sensors":[],"foods":[],"state":{"state":"turnOff"},"id":6,"type":"Fridge","documentation":{"text":"Disconnect the fridge from the power supply, clear the ice, fix what is broken, and reconnect the appliance to the power supply.","type":"Fridge"},"functionality":100,"electricity":40,"gas":0,"water":0,"totalTime":0,"start":0},{"state":{"state":"turnOff"},"id":7,"type":"Kettle","documentation":{"text":"Water and electricity must be turned off before repair.","type":"Kettle"},"functionality":100,"electricity":30,"gas":0,"water":40,"totalTime":0,"start":0},{"state":{"state":"turnOff"},"id":8,"type":"Microwave","documentation":{"text":"Electricity must be turned off before repair. It is better to contact a specialist.","type":"Microwave"},"functionality":100,"electricity":50,"gas":0,"water":0,"totalTime":0,"start":0},{"state":{"state":"turnOff"},"id":9,"type":"Oven","documentation":{"text":"Gas must be turned off before repair. It is better to contact a specialist.","type":"Oven"},"functionality":100,"electricity":0,"gas":100,"water":0,"totalTime":0,"start":0},{"capacity":5,"sensors":[],"foods":[],"state":{"state":"turnOff"},"id":10,"type":"Fridge","documentation":{"text":"Disconnect the fridge from the power supply, clear the ice, fix what is broken, and reconnect the appliance to the power supply.","type":"Fridge"},"functionality":100,"electricity":40,"gas":0,"water":0,"totalTime":0,"start":0}],"vehicles":[],"sensors":[]},{"room":"garage","persons":[{"id":28,"name":"Brad","type":"Father"}],"pets":[],"windows":[{"windowState":{"state":"close"},"id":26}],"lights":[{"room":"garage","state":{"state":"turnOn"},"id":27,"type":"Light","documentation":{"type":"Light"},"functionality":90,"electricity":30,"gas":0,"water":0,"totalTime":0,"start":42}],"devices":[{"state":{"state":"turnOff"},"id":11,"type":"VacuumCleaner","documentation":{"text":"Electricity must be turned off before repair. It is better to contact a specialist.","type":"VacuumCleaner"},"functionality":100,"electricity":80,"gas":0,"water":0,"totalTime":0,"start":0}],"vehicles":[{"state":{"state":"turnOff"},"id":1,"type":"Bicycle","documentation":{"type":"Bicycle"},"functionality":100,"electricity":0,"gas":0,"water":0,"totalTime":0,"start":0},{"state":{"state":"turnOff"},"id":2,"type":"Ski","documentation":{"type":"Ski"},"functionality":100,"electricity":0,"gas":0,"water":0,"totalTime":0,"start":0},{"state":{"state":"turnOff"},"id":3,"type":"Car","documentation":{"type":"Car"},"functionality":100,"electricity":0,"gas":0,"water":0,"totalTime":0,"start":0}],"sensors":[]},{"room":"outside","persons":[],"pets":[],"windows":[],"lights":[],"devices":[{"state":{"state":"turnOff"},"id":12,"type":"Grill","documentation":{"text":"Gas must be turned off before repair. It is better to contact a specialist.","type":"Grill"},"functionality":100,"electricity":0,"gas":100,"water":0,"totalTime":0,"start":0}],"vehicles":[],"sensors":[]}]},{"floor":2,"rooms":[{"room":"bedroom","persons":[{"id":31,"name":"Tod","type":"Son"}],"pets":[{"id":2,"name":"Snowball","type":"Cat"}],"windows":[{"windowState":{"state":"close"},"id":29}],"lights":[{"room":"bedroom","state":{"state":"turnOn"},"id":30,"type":"Light","documentation":{"type":"Light"},"functionality":90,"electricity":30,"gas":0,"water":0,"totalTime":0,"start":46}],"devices":[{"state":{"state":"turnOff"},"id":13,"type":"PC","documentation":{"text":"Electricity must be turned off before repair. It is better to contact a specialist.","type":"PC"},"functionality":100,"electricity":70,"gas":0,"water":0,"totalTime":0,"start":0},{"state":{"state":"turnOff"},"id":14,"type":"TV","documentation":{"text":"Electricity must be turned off before repair. It is better to contact a specialist.","type":"TV"},"functionality":100,"electricity":100,"gas":0,"water":0,"totalTime":0,"start":0}],"vehicles":[],"sensors":[]},{"room":"bathroom","persons":[],"pets":[],"windows":[{"windowState":{"state":"close"},"id":32}],"lights":[{"room":"bathroom","state":{"state":"turnOn"},"id":33,"type":"Light","documentation":{"type":"Light"},"functionality":90,"electricity":30,"gas":0,"water":0,"totalTime":0,"start":47}],"devices":[{"state":{"state":"turnOff"},"id":15,"type":"Bath","documentation":{"text":"Before repairing, you must turn off the water, unscrew the faucet and shower.","type":"Bath"},"functionality":100,"electricity":0,"gas":0,"water":150,"totalTime":0,"start":0},{"state":{"state":"turnOff"},"id":16,"type":"WashingMachine","documentation":{"text":"Water and electricity must be turned off before repair.","type":"WashingMachine"},"functionality":100,"electricity":70,"gas":0,"water":70,"totalTime":0,"start":0},{"state":{"state":"turnOff"},"id":17,"type":"Boller","documentation":{"text":"Water and electricity must be turned off before repair. It is better to contact a specialist.","type":"Boller"},"functionality":100,"electricity":100,"gas":0,"water":60,"totalTime":0,"start":0}],"vehicles":[],"sensors":[]},{"room":"childrenroom","persons":[{"id":37,"name":"Kate","type":"Baby"}],"pets":[],"windows":[{"windowState":{"state":"close"},"id":35}],"lights":[{"room":"childrenroom","state":{"state":"turnOn"},"id":36,"type":"Light","documentation":{"type":"Light"},"functionality":90,"electricity":30,"gas":0,"water":0,"totalTime":0,"start":123}],"devices":[{"state":{"state":"turnOff"},"id":18,"type":"Toy","documentation":{"text":"Use a thread and needle to sew up the toy.","type":"Toy"},"functionality":100,"electricity":0,"gas":0,"water":0,"totalTime":0,"start":0},{"state":{"state":"turnOff"},"id":19,"type":"Toy","documentation":{"text":"Use a thread and needle to sew up the toy.","type":"Toy"},"functionality":100,"electricity":0,"gas":0,"water":0,"totalTime":0,"start":0}],"vehicles":[],"sensors":[]}]},{"floor":3,"rooms":[{"room":"bedroom2","persons":[{"id":40,"name":"Mike","type":"GrandFather"}],"pets":[{"id":3,"name":"Sausage","type":"Cat"}],"windows":[{"windowState":{"state":"close"},"id":38}],"lights":[{"room":"bedroom2","state":{"state":"turnOff"},"id":39,"type":"Light","documentation":{"type":"Light"},"functionality":100,"electricity":30,"gas":0,"water":0,"totalTime":0,"start":0}],"devices":[{"state":{"state":"turnOff"},"id":20,"type":"PC","documentation":{"text":"Electricity must be turned off before repair. It is better to contact a specialist.","type":"PC"},"functionality":100,"electricity":70,"gas":0,"water":0,"totalTime":0,"start":0},{"state":{"state":"turnOff"},"id":21,"type":"MusicCenter","documentation":{"text":"Electricity must be turned off before repair.","type":"MusicCenter"},"functionality":100,"electricity":50,"gas":0,"water":0,"totalTime":0,"start":0},{"state":{"state":"turnOff"},"id":22,"type":"TV","documentation":{"text":"Electricity must be turned off before repair. It is better to contact a specialist.","type":"TV"},"functionality":100,"electricity":100,"gas":0,"water":0,"totalTime":0,"start":0}],"vehicles":[],"sensors":[]},{"room":"childrenroom2","persons":[{"id":43,"name":"Ron","type":"Baby"}],"pets":[],"windows":[{"windowState":{"state":"close"},"id":41}],"lights":[{"room":"childrenroom2","state":{"state":"turnOff"},"id":42,"type":"Light","documentation":{"type":"Light"},"functionality":100,"electricity":30,"gas":0,"water":0,"totalTime":0,"start":0}],"devices":[{"state":{"state":"turnOff"},"id":23,"type":"Toy","documentation":{"text":"Use a thread and needle to sew up the toy.","type":"Toy"},"functionality":100,"electricity":0,"gas":0,"water":0,"totalTime":0,"start":0},{"state":{"state":"turnOff"},"id":24,"type":"Toy","documentation":{"text":"Use a thread and needle to sew up the toy.","type":"Toy"},"functionality":100,"electricity":0,"gas":0,"water":0,"totalTime":0,"start":0},{"state":{"state":"turnOff"},"id":25,"type":"PC","documentation":{"text":"Electricity must be turned off before repair. It is better to contact a specialist.","type":"PC"},"functionality":100,"electricity":70,"gas":0,"water":0,"totalTime":0,"start":0}],"vehicles":[],"sensors":[]}]},{"floor":4,"rooms":[{"room":"attic","persons":[],"pets":[{"id":4,"name":"Night","type":"Cat"}],"windows":[{"windowState":{"state":"close"},"id":44}],"lights":[{"room":"attic","state":{"state":"turnOff"},"id":45,"type":"Light","documentation":{"type":"Light"},"functionality":100,"electricity":30,"gas":0,"water":0,"totalTime":0,"start":0}],"devices":[{"state":{"state":"turnOff"},"id":12,"type":"PC","documentation":{"text":"Electricity must be turned off before repair. It is better to contact a specialist.","type":"PC"},"functionality":100,"electricity":70,"gas":0,"water":0,"totalTime":0,"start":0},{"state":{"state":"turnOff"},"id":13,"type":"MusicCenter","documentation":{"text":"Electricity must be turned off before repair.","type":"MusicCenter"},"functionality":100,"electricity":50,"gas":0,"water":0,"totalTime":0,"start":0},{"state":{"state":"turnOff"},"id":14,"type":"TV","documentation":{"text":"Electricity must be turned off before repair. It is better to contact a specialist.","type":"TV"},"functionality":100,"electricity":100,"gas":0,"water":0,"totalTime":0,"start":0}],"vehicles":[],"sensors":[]}]}],"sensors":[],"floorCount":4}